{
    "name": "root",
    "gauges": {
        "Seeker2V1.Policy.Entropy.mean": {
            "value": 1.5735278129577637,
            "min": 1.501874566078186,
            "max": 2.824146032333374,
            "count": 69
        },
        "Seeker2V1.Policy.Entropy.sum": {
            "value": 79581.171875,
            "min": 74830.8984375,
            "max": 137911.3125,
            "count": 69
        },
        "Seeker2V1.Environment.EpisodeLength.mean": {
            "value": 57.82297772567409,
            "min": 49.609706774519715,
            "max": 68.70919067215364,
            "count": 69
        },
        "Seeker2V1.Environment.EpisodeLength.sum": {
            "value": 49323.0,
            "min": 31569.0,
            "max": 51189.0,
            "count": 69
        },
        "Seeker2V1.Step.mean": {
            "value": 3749978.0,
            "min": 349935.0,
            "max": 3749978.0,
            "count": 69
        },
        "Seeker2V1.Step.sum": {
            "value": 3749978.0,
            "min": 349935.0,
            "max": 3749978.0,
            "count": 69
        },
        "Seeker2V1.Policy.ExtrinsicValueEstimate.mean": {
            "value": 430.8804626464844,
            "min": 358.9855041503906,
            "max": 487.6875,
            "count": 69
        },
        "Seeker2V1.Policy.ExtrinsicValueEstimate.sum": {
            "value": 466212.65625,
            "min": 226160.875,
            "max": 576979.0,
            "count": 69
        },
        "Seeker2V1.Environment.CumulativeReward.mean": {
            "value": 616.8756822898788,
            "min": 570.8784806557503,
            "max": 693.6470928756264,
            "count": 69
        },
        "Seeker2V1.Environment.CumulativeReward.sum": {
            "value": 526811.8326755565,
            "min": 270596.3998308256,
            "max": 629061.8559902231,
            "count": 69
        },
        "Seeker2V1.Policy.ExtrinsicReward.mean": {
            "value": 616.8756822898788,
            "min": 570.8784806557503,
            "max": 693.6470928756264,
            "count": 69
        },
        "Seeker2V1.Policy.ExtrinsicReward.sum": {
            "value": 526811.8326755565,
            "min": 270596.3998308256,
            "max": 629061.8559902231,
            "count": 69
        },
        "Seeker2V1.Losses.PolicyLoss.mean": {
            "value": 0.07151368934784033,
            "min": 0.06316032972245011,
            "max": 0.07287738483460594,
            "count": 69
        },
        "Seeker2V1.Losses.PolicyLoss.sum": {
            "value": 0.858164272174084,
            "min": 0.5052826377796009,
            "max": 0.9099300492574305,
            "count": 69
        },
        "Seeker2V1.Losses.ValueLoss.mean": {
            "value": 52174.310935126414,
            "min": 44271.37161789197,
            "max": 62854.38794114855,
            "count": 69
        },
        "Seeker2V1.Losses.ValueLoss.sum": {
            "value": 626091.731221517,
            "min": 494301.1141153971,
            "max": 754252.6552937826,
            "count": 69
        },
        "Seeker2V1.Policy.LearningRate.mean": {
            "value": 7.649567950146499e-05,
            "min": 7.649567950146499e-05,
            "max": 0.00027992405919198245,
            "count": 69
        },
        "Seeker2V1.Policy.LearningRate.sum": {
            "value": 0.0009179481540175799,
            "min": 0.0009179481540175799,
            "max": 0.003329187450270879,
            "count": 69
        },
        "Seeker2V1.Policy.Epsilon.mean": {
            "value": 0.12549853500000002,
            "min": 0.12549853500000002,
            "max": 0.19330801749999998,
            "count": 69
        },
        "Seeker2V1.Policy.Epsilon.sum": {
            "value": 1.5059824200000003,
            "min": 1.5059824200000003,
            "max": 2.30972912,
            "count": 69
        },
        "Seeker2V1.Policy.Beta.mean": {
            "value": 0.0005000000000000002,
            "min": 0.0005000000000000001,
            "max": 0.0005000000000000003,
            "count": 69
        },
        "Seeker2V1.Policy.Beta.sum": {
            "value": 0.006000000000000003,
            "min": 0.004000000000000001,
            "max": 0.006500000000000003,
            "count": 69
        },
        "Seeker2V1.IsTraining.mean": {
            "value": 1.0,
            "min": 1.0,
            "max": 1.0,
            "count": 69
        },
        "Seeker2V1.IsTraining.sum": {
            "value": 1.0,
            "min": 1.0,
            "max": 1.0,
            "count": 69
        },
        "Hider2V1.Policy.Entropy.mean": {
            "value": 1.3803315162658691,
            "min": 1.3399593830108643,
            "max": 2.629162073135376,
            "count": 69
        },
        "Hider2V1.Policy.Entropy.sum": {
            "value": 69568.7109375,
            "min": 66562.484375,
            "max": 131337.65625,
            "count": 69
        },
        "Hider2V1.Environment.EpisodeLength.mean": {
            "value": 59.29615861214374,
            "min": 51.663891779396465,
            "max": 74.53858267716535,
            "count": 69
        },
        "Hider2V1.Environment.EpisodeLength.sum": {
            "value": 47852.0,
            "min": 31317.0,
            "max": 51193.0,
            "count": 69
        },
        "Hider2V1.Step.mean": {
            "value": 3749999.0,
            "min": 349936.0,
            "max": 3749999.0,
            "count": 69
        },
        "Hider2V1.Step.sum": {
            "value": 3749999.0,
            "min": 349936.0,
            "max": 3749999.0,
            "count": 69
        },
        "Hider2V1.Policy.ExtrinsicValueEstimate.mean": {
            "value": -0.6995534300804138,
            "min": -0.8762679696083069,
            "max": -0.6441874504089355,
            "count": 69
        },
        "Hider2V1.Policy.ExtrinsicValueEstimate.sum": {
            "value": -727.5355834960938,
            "min": -881.637939453125,
            "max": -518.1797485351562,
            "count": 69
        },
        "Hider2V1.Environment.CumulativeReward.mean": {
            "value": -0.8560817154243247,
            "min": -1.095346671448085,
            "max": -0.8256502182254473,
            "count": 69
        },
        "Hider2V1.Environment.CumulativeReward.sum": {
            "value": -690.85794434743,
            "min": -871.9993750129361,
            "max": -497.2873888374306,
            "count": 69
        },
        "Hider2V1.Policy.ExtrinsicReward.mean": {
            "value": -0.8560817154243247,
            "min": -1.095346671448085,
            "max": -0.8256502182254473,
            "count": 69
        },
        "Hider2V1.Policy.ExtrinsicReward.sum": {
            "value": -690.85794434743,
            "min": -871.9993750129361,
            "max": -497.2873888374306,
            "count": 69
        },
        "Hider2V1.Losses.PolicyLoss.mean": {
            "value": 0.0678201604023343,
            "min": 0.06504156368894407,
            "max": 0.0728367126421688,
            "count": 69
        },
        "Hider2V1.Losses.PolicyLoss.sum": {
            "value": 0.8138419248280115,
            "min": 0.5203325095115525,
            "max": 0.9343867033312563,
            "count": 69
        },
        "Hider2V1.Losses.ValueLoss.mean": {
            "value": 0.05167045903605564,
            "min": 0.04080800012438319,
            "max": 0.07031104251897582,
            "count": 69
        },
        "Hider2V1.Losses.ValueLoss.sum": {
            "value": 0.6200455084326677,
            "min": 0.4896960014925983,
            "max": 0.8437325102277099,
            "count": 69
        },
        "Hider2V1.Policy.LearningRate.mean": {
            "value": 7.651555449483999e-05,
            "min": 7.651555449483999e-05,
            "max": 0.00027990099669967,
            "count": 69
        },