{
    "name": "root",
    "gauges": {
        "MoveToGoalGridV1.Policy.Entropy.mean": {
            "value": 3.0218944549560547,
            "min": 3.0218944549560547,
            "max": 3.025846004486084,
            "count": 2
        },
        "MoveToGoalGridV1.Policy.Entropy.sum": {
            "value": 154841.875,
            "min": 154841.875,
            "max": 154953.578125,
            "count": 2
        },
        "MoveToGoalGridV1.Environment.EpisodeLength.mean": {
            "value": 1985.5263157894738,
            "min": 246.27777777777777,
            "max": 1985.5263157894738,
            "count": 2
        },
        "MoveToGoalGridV1.Environment.EpisodeLength.sum": {
            "value": 75450.0,
            "min": 4433.0,
            "max": 75450.0,
            "count": 2
        },
        "MoveToGoalGridV1.Step.mean": {
            "value": 99971.0,
            "min": 49955.0,
            "max": 99971.0,
            "count": 2
        },
        "MoveToGoalGridV1.Step.sum": {
            "value": 99971.0,
            "min": 49955.0,
            "max": 99971.0,
            "count": 2
        },
        "MoveToGoalGridV1.Policy.ExtrinsicValueEstimate.mean": {
            "value": 7.726858615875244,
            "min": 5.01711368560791,
            "max": 7.726858615875244,
            "count": 2
        },
        "MoveToGoalGridV1.Policy.ExtrinsicValueEstimate.sum": {
            "value": 6150.57958984375,
            "min": 3978.5712890625,
            "max": 6150.57958984375,
            "count": 2
        },
        "MoveToGoalGridV1.Environment.CumulativeReward.mean": {
            "value": 337.58234807725165,
            "min": 337.58234807725165,
            "max": 1033.361728819501,
            "count": 2
        },
        "MoveToGoalGridV1.Environment.CumulativeReward.sum": {
            "value": 12828.129226935562,
            "min": 12828.129226935562,
            "max": 18600.51111875102,
            "count": 2
        },
        "MoveToGoalGridV1.Policy.ExtrinsicReward.mean": {
            "value": 337.58234807725165,
            "min": 337.58234807725165,
            "max": 1033.361728819501,
            "count": 2
        },
        "MoveToGoalGridV1.Policy.ExtrinsicReward.sum": {
            "value": 12828.129226935562,
            "min": 12828.129226935562,
            "max": 18600.51111875102,
            "count": 2
        },
        "MoveToGoalGridV1.Losses.PolicyLoss.mean": {
            "value": 0.025563220105444394,
            "min": 0.023696323439556483,
            "max": 0.025563220105444394,
            "count": 2
        },
        "MoveToGoalGridV1.Losses.PolicyLoss.sum": {
            "value": 0.12781610052722198,
            "min": 0.09478529375822593,
            "max": 0.12781610052722198,
            "count": 2
        },
        "MoveToGoalGridV1.Losses.ValueLoss.mean": {
            "value": 2104.025521299839,
            "min": 1924.917937584718,
            "max": 2104.025521299839,
            "count": 2
        },
        "MoveToGoalGridV1.Losses.ValueLoss.sum": {
            "value": 10520.127606499194,
            "min": 7699.671750338872,
            "max": 10520.127606499194,
            "count": 2
        },
        "MoveToGoalGridV1.Policy.LearningRate.mean": {
            "value": 0.00025553209482264,
            "min": 0.00025553209482264,
            "max": 0.0002839614053462,
            "count": 2
        },
        "MoveToGoalGridV1.Policy.LearningRate.sum": {
            "value": 0.0012776604741132,
            "min": 0.0011358456213848,
            "max": 0.0012776604741132,
            "count": 2
        },
        "MoveToGoalGridV1.Policy.Epsilon.mean": {
            "value": 0.18517736,
            "min": 0.18517736,
            "max": 0.1946538,
            "count": 2
        },
        "MoveToGoalGridV1.Policy.Epsilon.sum": {
            "value": 0.9258868000000001,
            "min": 0.7786152,
            "max": 0.9258868000000001,
            "count": 2
        },
        "MoveToGoalGridV1.Policy.Beta.mean": {
            "value": 0.0042603502639999985,
            "min": 0.0042603502639999985,
            "max": 0.0047332246199999995,
            "count": 2
        },
        "MoveToGoalGridV1.Policy.Beta.sum": {
            "value": 0.021301751319999992,
            "min": 0.018932898479999998,
            "max": 0.021301751319999992,
            "count": 2
        },
        "MoveToGoalGridV1.IsTraining.mean": {
            "value": 1.0,
            "min": 1.0,
            "max": 1.0,
            "count": 2
        },
        "MoveToGoalGridV1.IsTraining.sum": {
            "value": 1.0,
            "min": 1.0,
            "max": 1.0,
            "count": 2
        },
        "HiderV1.Policy.Entropy.mean": {
            "value": 3.0403921604156494,
            "min": 3.0316951274871826,
            "max": 3.0403921604156494,
            "count": 2
        },
        "HiderV1.Policy.Entropy.sum": {
            "value": 153874.25,
            "min": 153874.25,
            "max": 157163.078125,
            "count": 2
        },
        "HiderV1.Step.mean": {
            "value": 99984.0,
            "min": 49984.0,
            "max": 99984.0,
            "count": 2
        },
        "HiderV1.Step.sum": {
            "value": 99984.0,
            "min": 49984.0,
            "max": 99984.0,
            "count": 2
        },
        "HiderV1.Policy.ExtrinsicValueEstimate.mean": {
            "value": 0.1049419492483139,
            "min": 0.04649658873677254,
            "max": 0.1049419492483139,
            "count": 2
        },
        "HiderV1.Policy.ExtrinsicValueEstimate.sum": {
            "value": 82.37943267822266,
            "min": 36.31383514404297,
            "max": 82.37943267822266,
            "count": 2
        },
        "HiderV1.Losses.PolicyLoss.mean": {
            "value": 0.02637085775407313,
            "min": 0.02637085775407313,
            "max": 0.028594422129434395,
            "count": 2
        },
        "HiderV1.Losses.PolicyLoss.sum": {
            "value": 0.10548343101629253,
            "min": 0.10548343101629253,
            "max": 0.11437768851773758,
            "count": 2
        },
        "HiderV1.Losses.ValueLoss.mean": {
            "value": 4.96867771399786e-05,
            "min": 4.96867771399786e-05,
            "max": 9.938019163448851e-05,
            "count": 2
        },
        "HiderV1.Losses.ValueLoss.sum": {
            "value": 0.0001987471085599144,
            "min": 0.0001987471085599144,
            "max": 0.00039752076653795404,
            "count": 2
        },
        "HiderV1.Policy.LearningRate.mean": {
            "value": 0.000255108014964,
            "min": 0.000255108014964,
            "max": 0.00028272000576,
            "count": 2
        },
        "HiderV1.Policy.LearningRate.sum": {
            "value": 0.001020432059856,
            "min": 0.001020432059856,
            "max": 0.00113088002304,
            "count": 2
        },
        "HiderV1.Policy.Epsilon.mean": {
            "value": 0.185036,
            "min": 0.185036,
            "max": 0.19424000000000002,
            "count": 2
        },
        "HiderV1.Policy.Epsilon.sum": {
            "value": 0.740144,
            "min": 0.740144,
            "max": 0.7769600000000001,
            "count": 2
        },
        "HiderV1.Policy.Beta.mean": {
            "value": 0.0042532964,
            "min": 0.0042532964,
            "max": 0.004712576,
            "count": 2
        },
        "HiderV1.Policy.Beta.sum": {
            "value": 0.0170131856,
            "min": 0.0170131856,
            "max": 0.018850304,
            "count": 2
        },
        "HiderV1.IsTraining.mean": {
            "value": 1.0,
            "min": 1.0,
            "max": 1.0,
            "count": 2
        },
        "HiderV1.IsTraining.sum": {
            "value": 1.0,
            "min": 1.0,
            "max": 1.0,
            "count": 2
        },