{
    "name": "root",
    "gauges": {
        "Seeker2V1.Policy.Entropy.mean": {
            "value": 2.2405264377593994,
            "min": 2.2189278602600098,
            "max": 2.6147477626800537,
            "count": 16
        },
        "Seeker2V1.Policy.Entropy.sum": {
            "value": 112082.3359375,
            "min": 4052.859130859375,
            "max": 127041.8046875,
            "count": 16
        },
        "Seeker2V1.Environment.EpisodeLength.mean": {
            "value": 92.5812619502868,
            "min": 18.115384615384617,
            "max": 142.83193277310923,
            "count": 16
        },
        "Seeker2V1.Environment.EpisodeLength.sum": {
            "value": 48420.0,
            "min": 471.0,
            "max": 51402.0,
            "count": 16
        },
        "Seeker2V1.Step.mean": {
            "value": 1149966.0,
            "min": 399993.0,
            "max": 1149966.0,
            "count": 16
        },
        "Seeker2V1.Step.sum": {
            "value": 1149966.0,
            "min": 399993.0,
            "max": 1149966.0,
            "count": 16
        },
        "Seeker2V1.Policy.ExtrinsicValueEstimate.mean": {
            "value": 533.4647827148438,
            "min": 400.96771240234375,
            "max": 801.921875,
            "count": 16
        },
        "Seeker2V1.Policy.ExtrinsicValueEstimate.sum": {
            "value": 407033.625,
            "min": 20048.046875,
            "max": 407033.625,
            "count": 16
        },
        "Seeker2V1.Environment.CumulativeReward.mean": {
            "value": 946.2371497592296,
            "min": 878.1492358580902,
            "max": 1001.4483032226562,
            "count": 16
        },
        "Seeker2V1.Environment.CumulativeReward.sum": {
            "value": 494882.02932407707,
            "min": 25036.207580566406,
            "max": 494882.02932407707,
            "count": 16
        },
        "Seeker2V1.Policy.ExtrinsicReward.mean": {
            "value": 946.2371497592296,
            "min": 878.1492358580902,
            "max": 1001.4483032226562,
            "count": 16
        },
        "Seeker2V1.Policy.ExtrinsicReward.sum": {
            "value": 494882.02932407707,
            "min": 25036.207580566406,
            "max": 494882.02932407707,
            "count": 16
        },
        "Seeker2V1.IsTraining.mean": {
            "value": 1.0,
            "min": 1.0,
            "max": 1.0,
            "count": 16
        },
        "Seeker2V1.IsTraining.sum": {
            "value": 1.0,
            "min": 1.0,
            "max": 1.0,
            "count": 16
        },
        "Hider2V2.Policy.Entropy.mean": {
            "value": 2.9305601119995117,
            "min": 2.858257532119751,
            "max": 2.973456621170044,
            "count": 31
        },
        "Hider2V2.Policy.Entropy.sum": {
            "value": 69161.21875,
            "min": 18492.7890625,
            "max": 82448.6875,
            "count": 31
        },
        "Hider2V2.Environment.EpisodeLength.mean": {
            "value": 130.6150442477876,
            "min": 3.456140350877193,
            "max": 187.27215189873417,
            "count": 31
        },
        "Hider2V2.Environment.EpisodeLength.sum": {
            "value": 29519.0,
            "min": 197.0,
            "max": 29589.0,
            "count": 31
        },
        "Hider2V2.Step.mean": {
            "value": 1149915.0,
            "min": 399916.0,
            "max": 1149915.0,
            "count": 31
        },
        "Hider2V2.Step.sum": {
            "value": 1149915.0,
            "min": 399916.0,
            "max": 1149915.0,
            "count": 31
        },
        "Hider2V2.Policy.ExtrinsicValueEstimate.mean": {
            "value": -4.982306003570557,
            "min": -5.139708995819092,
            "max": -4.5962347984313965,
            "count": 31
        },
        "Hider2V2.Policy.ExtrinsicValueEstimate.sum": {
            "value": -1514.62109375,
            "min": -1860.17431640625,
            "max": -354.6399230957031,
            "count": 31
        },
        "Hider2V2.Environment.CumulativeReward.mean": {
            "value": -10.166796581011958,
            "min": -10.538726104413225,
            "max": -5.23491000292594,
            "count": 31
        },
        "Hider2V2.Environment.CumulativeReward.sum": {
            "value": -2297.6960273087025,
            "min": -2593.240265905857,
            "max": -298.38987016677856,
            "count": 31
        },
        "Hider2V2.Policy.ExtrinsicReward.mean": {
            "value": -10.166796581011958,
            "min": -10.538726104413225,
            "max": -5.23491000292594,
            "count": 31
        },
        "Hider2V2.Policy.ExtrinsicReward.sum": {
            "value": -2297.6960273087025,
            "min": -2593.240265905857,
            "max": -298.38987016677856,
            "count": 31
        },
        "Hider2V2.IsTraining.mean": {
            "value": 1.0,
            "min": 1.0,
            "max": 1.0,
            "count": 31
        },
        "Hider2V2.IsTraining.sum": {
            "value": 1.0,
            "min": 1.0,
            "max": 1.0,
            "count": 31
        },
        "Hider2V2.Losses.PolicyLoss.mean": {
            "value": 0.6324356347568794,
            "min": 0.5482028146558577,
            "max": 0.7009233488395881,
            "count": 30
        },
        "Hider2V2.Losses.PolicyLoss.sum": {
            "value": 1.2648712695137587,
            "min": 1.0964056293117155,
            "max": 2.65721105166031,
            "count": 30
        },
        "Hider2V2.Losses.ValueLoss.mean": {
            "value": 0.3546428839424616,
            "min": 0.31184377277531894,
            "max": 0.4963854919730809,
            "count": 30
        },
        "Hider2V2.Losses.ValueLoss.sum": {
            "value": 0.7092857678849231,
            "min": 0.6790557078557564,
            "max": 1.3982251518251056,
            "count": 30
        },
        "Hider2V2.Policy.LearningRate.mean": {
            "value": 0.00017154968922516252,
            "min": 0.00017154968922516252,
            "max": 0.00018967218016391254,
            "count": 30
        },
        "Hider2V2.Policy.LearningRate.sum": {
            "value": 0.00034309937845032504,
            "min": 0.00034309937845032504,
            "max": 0.0007037619231190625,
            "count": 30
        },
        "Hider2V2.Policy.Epsilon.mean": {
            "value": 0.18577483749999998,
            "min": 0.18577483749999998,
            "max": 0.1948360875,
            "count": 30
        },
        "Hider2V2.Policy.Epsilon.sum": {
            "value": 0.37154967499999997,
            "min": 0.37154967499999997,
            "max": 0.7518809375,
            "count": 30
        },
        "Hider2V2.Policy.Beta.mean": {
            "value": 0.00257466764125,
            "min": 0.00257466764125,
            "max": 0.0028455990162500008,
            "count": 30
        },
        "Hider2V2.Policy.Beta.sum": {
            "value": 0.0051493352825,
            "min": 0.0051493352825,
            "max": 0.01056124003125,
            "count": 30
        },
        "Seeker2V1.Losses.PolicyLoss.mean": {
            "value": 0.06954053280626087,
            "min": 0.06616478070491488,
            "max": 0.07267514482615904,
            "count": 15
        },
        "Seeker2V1.Losses.PolicyLoss.sum": {
            "value": 0.8344863936751304,
            "min": 0.7939773684589786,
            "max": 0.8721017379139085,
            "count": 15
        },
        "Seeker2V1.Losses.ValueLoss.mean": {
            "value": 30455.593440585668,
            "min": 25355.333462185332,
            "max": 33555.07380167644,
            "count": 15
        },
        "Seeker2V1.Losses.ValueLoss.sum": {
            "value": 365467.121287028,
            "min": 304264.001546224,
            "max": 402660.88562011725,
            "count": 15
        },