{
    "name": "root",
    "gauges": {
        "HiderV3.Policy.Entropy.mean": {
            "value": 3.056889057159424,
            "min": 3.030606985092163,
            "max": 3.074199914932251,
            "count": 25
        },
        "HiderV3.Policy.Entropy.sum": {
            "value": 153186.828125,
            "min": 152229.953125,
            "max": 153885.34375,
            "count": 25
        },
        "HiderV3.Environment.EpisodeLength.mean": {
            "value": 2296.521739130435,
            "min": 525.1818181818181,
            "max": 2999.0,
            "count": 25
        },
        "HiderV3.Environment.EpisodeLength.sum": {
            "value": 52820.0,
            "min": 5777.0,
            "max": 76775.0,
            "count": 25
        },
        "HiderV3.Step.mean": {
            "value": 1249964.0,
            "min": 49948.0,
            "max": 1249964.0,
            "count": 25
        },
        "HiderV3.Step.sum": {
            "value": 1249964.0,
            "min": 49948.0,
            "max": 1249964.0,
            "count": 25
        },
        "HiderV3.Policy.ExtrinsicValueEstimate.mean": {
            "value": -0.0008275292348116636,
            "min": -0.0018667967524379492,
            "max": 0.09713154286146164,
            "count": 25
        },
        "HiderV3.Policy.ExtrinsicValueEstimate.sum": {
            "value": -0.6520930528640747,
            "min": -1.4635686874389648,
            "max": 76.73391723632812,
            "count": 25
        },
        "HiderV3.Environment.CumulativeReward.mean": {
            "value": 0.0,
            "min": -0.096363634548404,
            "max": 0.0,
            "count": 25
        },
        "HiderV3.Environment.CumulativeReward.sum": {
            "value": 0.0,
            "min": -1.059999980032444,
            "max": 0.0,
            "count": 25
        },
        "HiderV3.Policy.ExtrinsicReward.mean": {
            "value": 0.0,
            "min": -0.096363634548404,
            "max": 0.0,
            "count": 25
        },
        "HiderV3.Policy.ExtrinsicReward.sum": {
            "value": 0.0,
            "min": -1.059999980032444,
            "max": 0.0,
            "count": 25
        },
        "HiderV3.Losses.PolicyLoss.mean": {
            "value": 0.020355002979437507,
            "min": 0.01888059283917149,
            "max": 0.026925620075780896,
            "count": 25
        },
        "HiderV3.Losses.PolicyLoss.sum": {
            "value": 0.10177501489718754,
            "min": 0.09023086663801222,
            "max": 0.12775043345366915,
            "count": 25
        },
        "HiderV3.Losses.ValueLoss.mean": {
            "value": 2.755999590628259e-06,
            "min": 2.909020613609907e-07,
            "max": 0.00012525691960642386,
            "count": 25
        },
        "HiderV3.Losses.ValueLoss.sum": {
            "value": 1.3779997953141295e-05,
            "min": 1.4545103068049533e-06,
            "max": 0.0005010276784256954,
            "count": 25
        },
        "HiderV3.Policy.LearningRate.mean": {
            "value": 0.000226581840472728,
            "min": 0.000226581840472728,
            "max": 0.00029834194555268496,
            "count": 25
        },
        "HiderV3.Policy.LearningRate.sum": {
            "value": 0.00113290920236364,
            "min": 0.0009420989059670602,
            "max": 0.0014767548077484,
            "count": 25
        },
        "HiderV3.Policy.Epsilon.mean": {
            "value": 0.175527272,
            "min": 0.175527272,
            "max": 0.19944731500000004,
            "count": 25
        },
        "HiderV3.Policy.Epsilon.sum": {
            "value": 0.8776363600000001,
            "min": 0.71403294,
            "max": 0.9922516,
            "count": 25
        },
        "HiderV3.Policy.Beta.mean": {
            "value": 0.0037788108728000007,
            "min": 0.0037788108728000007,
            "max": 0.0049724210185,
            "count": 25
        },
        "HiderV3.Policy.Beta.sum": {
            "value": 0.018894054364000004,
            "min": 0.015710243706,
            "max": 0.024613354840000004,
            "count": 25
        },
        "HiderV3.IsTraining.mean": {
            "value": 1.0,
            "min": 1.0,
            "max": 1.0,
            "count": 25
        },
        "HiderV3.IsTraining.sum": {
            "value": 1.0,
            "min": 1.0,
            "max": 1.0,
            "count": 25
        },
        "SeekerV3.Policy.Entropy.mean": {
            "value": 3.0565497875213623,
            "min": 3.017045497894287,
            "max": 3.097803831100464,
            "count": 25
        },
        "SeekerV3.Policy.Entropy.sum": {
            "value": 153169.828125,
            "min": 150787.453125,
            "max": 155114.25,
            "count": 25
        },
        "SeekerV3.Environment.EpisodeLength.mean": {
            "value": 1092.5357142857142,
            "min": 522.8571428571429,
            "max": 2825.3,
            "count": 25
        },
        "SeekerV3.Environment.EpisodeLength.sum": {
            "value": 30591.0,
            "min": 7320.0,
            "max": 72921.0,
            "count": 25
        },
        "SeekerV3.Step.mean": {
            "value": 1249992.0,
            "min": 49958.0,
            "max": 1249992.0,
            "count": 25
        },
        "SeekerV3.Step.sum": {
            "value": 1249992.0,
            "min": 49958.0,
            "max": 1249992.0,
            "count": 25
        },
        "SeekerV3.Policy.ExtrinsicValueEstimate.mean": {
            "value": 4.381147384643555,
            "min": -20.281429290771484,
            "max": 13.743399620056152,
            "count": 25
        },
        "SeekerV3.Policy.ExtrinsicValueEstimate.sum": {
            "value": 3491.7744140625,
            "min": -16022.3291015625,
            "max": 10788.568359375,
            "count": 25
        },
        "SeekerV3.Environment.CumulativeReward.mean": {
            "value": 116.73526333312371,
            "min": -488.1454428064171,
            "max": 862.1385643295944,
            "count": 25
        },
        "SeekerV3.Environment.CumulativeReward.sum": {
            "value": 3268.587373327464,
            "min": -11715.490627354011,
            "max": 19847.40391908586,
            "count": 25
        },
        "SeekerV3.Policy.ExtrinsicReward.mean": {
            "value": 116.73526333312371,
            "min": -488.1454428064171,
            "max": 862.1385643295944,
            "count": 25
        },
        "SeekerV3.Policy.ExtrinsicReward.sum": {
            "value": 3268.587373327464,
            "min": -11715.490627354011,
            "max": 19847.40391908586,
            "count": 25
        },
        "SeekerV3.Losses.PolicyLoss.mean": {
            "value": 0.022918835892342032,
            "min": 0.02057361704840635,
            "max": 0.026810519355349244,
            "count": 25
        },
        "SeekerV3.Losses.PolicyLoss.sum": {
            "value": 0.11459417946171016,
            "min": 0.0822944681936254,
            "max": 0.13405259677674622,
            "count": 25
        },
        "SeekerV3.Losses.ValueLoss.mean": {
            "value": 1970.4095883496605,
            "min": 404.60446869333583,
            "max": 3666.396205844879,
            "count": 25
        },
        "SeekerV3.Losses.ValueLoss.sum": {
            "value": 9852.047941748302,
            "min": 1618.4178747733433,
            "max": 18331.981029224396,
            "count": 25
        },
        "SeekerV3.Policy.LearningRate.mean": {
            "value": 0.00022676493641169603,
            "min": 0.00022676493641169603,
            "max": 0.000298349505550165,
            "count": 25
        },
        "SeekerV3.Policy.LearningRate.sum": {
            "value": 0.00113382468205848,
            "min": 0.00091816557394484,
            "max": 0.0014768871077043,
            "count": 25
        },