{
    "name": "root",
    "gauges": {
        "MoveToGoalWallsV4.Policy.Entropy.mean": {
            "value": 2.987752914428711,
            "min": 2.987752914428711,
            "max": 3.023899555206299,
            "count": 10
        },
        "MoveToGoalWallsV4.Policy.Entropy.sum": {
            "value": 149686.421875,
            "min": 149686.421875,
            "max": 155074.734375,
            "count": 10
        },
        "MoveToGoalWallsV4.Environment.EpisodeLength.mean": {
            "value": 346.96478873239437,
            "min": 280.6862745098039,
            "max": 395.912,
            "count": 10
        },
        "MoveToGoalWallsV4.Environment.EpisodeLength.sum": {
            "value": 49269.0,
            "min": 42945.0,
            "max": 52668.0,
            "count": 10
        },
        "MoveToGoalWallsV4.Step.mean": {
            "value": 499952.0,
            "min": 49946.0,
            "max": 499952.0,
            "count": 10
        },
        "MoveToGoalWallsV4.Step.sum": {
            "value": 499952.0,
            "min": 49946.0,
            "max": 499952.0,
            "count": 10
        },
        "MoveToGoalWallsV4.Policy.ExtrinsicValueEstimate.mean": {
            "value": -0.44139543175697327,
            "min": -0.4714879095554352,
            "max": 0.023973360657691956,
            "count": 10
        },
        "MoveToGoalWallsV4.Policy.ExtrinsicValueEstimate.sum": {
            "value": -388.427978515625,
            "min": -415.380859375,
            "max": 21.04861068725586,
            "count": 10
        },
        "MoveToGoalWallsV4.Environment.CumulativeReward.mean": {
            "value": -1.761706416684014,
            "min": -1.9748161422014237,
            "max": -1.5863312494182429,
            "count": 10
        },
        "MoveToGoalWallsV4.Environment.CumulativeReward.sum": {
            "value": -251.924017585814,
            "min": -265.9710134938359,
            "max": -235.03601754456758,
            "count": 10
        },
        "MoveToGoalWallsV4.Policy.ExtrinsicReward.mean": {
            "value": -1.761706416684014,
            "min": -1.9748161422014237,
            "max": -1.5863312494182429,
            "count": 10
        },
        "MoveToGoalWallsV4.Policy.ExtrinsicReward.sum": {
            "value": -251.924017585814,
            "min": -265.9710134938359,
            "max": -235.03601754456758,
            "count": 10
        },
        "MoveToGoalWallsV4.Losses.PolicyLoss.mean": {
            "value": 0.02457656510174274,
            "min": 0.020088979887077585,
            "max": 0.027117869954866668,
            "count": 10
        },
        "MoveToGoalWallsV4.Losses.PolicyLoss.sum": {
            "value": 0.12288282550871371,
            "min": 0.08035591954831034,
            "max": 0.13558934977433335,
            "count": 10
        },
        "MoveToGoalWallsV4.Losses.ValueLoss.mean": {
            "value": 0.006841642224171664,
            "min": 0.0003768511524223565,
            "max": 0.012130191116335077,
            "count": 10
        },
        "MoveToGoalWallsV4.Losses.ValueLoss.sum": {
            "value": 0.03420821112085832,
            "min": 0.001507404609689426,
            "max": 0.04852076446534031,
            "count": 10
        },
        "MoveToGoalWallsV4.Policy.LearningRate.mean": {
            "value": 1.450293516572e-05,
            "min": 1.450293516572e-05,
            "max": 0.0002831427056191,
            "count": 10
        },
        "MoveToGoalWallsV4.Policy.LearningRate.sum": {
            "value": 7.25146758286e-05,
            "min": 7.25146758286e-05,
            "max": 0.0012766464744511999,
            "count": 10
        },
        "MoveToGoalWallsV4.Policy.Epsilon.mean": {
            "value": 0.10483428000000002,
            "min": 0.10483428000000002,
            "max": 0.19438090000000005,
            "count": 10
        },
        "MoveToGoalWallsV4.Policy.Epsilon.sum": {
            "value": 0.5241714000000001,
            "min": 0.5241714000000001,
            "max": 0.9255488000000001,
            "count": 10
        },
        "MoveToGoalWallsV4.Policy.Beta.mean": {
            "value": 0.000251230572,
            "min": 0.000251230572,
            "max": 0.004719606909999999,
            "count": 10
        },
        "MoveToGoalWallsV4.Policy.Beta.sum": {
            "value": 0.00125615286,
            "min": 0.00125615286,
            "max": 0.021284885120000003,
            "count": 10
        },
        "MoveToGoalWallsV4.IsTraining.mean": {
            "value": 1.0,
            "min": 1.0,
            "max": 1.0,
            "count": 10
        },
        "MoveToGoalWallsV4.IsTraining.sum": {
            "value": 1.0,
            "min": 1.0,
            "max": 1.0,
            "count": 10
        }
    },
    "metadata": {
        "timer_format_version": "0.1.0",
        "start_time_seconds": "1747213636",
        "python_version": "3.10.12 | packaged by Anaconda, Inc. | (main, Jul  5 2023, 19:01:18) [MSC v.1916 64 bit (AMD64)]",
        "command_line_arguments": "C:\\Users\\Boris\\anaconda3\\envs\\mlagents\\Scripts\\mlagents-learn --run-id=TestWallsSmoothV2 --force",
        "mlagents_version": "1.1.0",
        "mlagents_envs_version": "1.1.0",
        "communication_protocol_version": "1.5.0",
        "pytorch_version": "2.2.2+cu121",
        "numpy_version": "1.23.5",
        "end_time_seconds": "1747214460"
    },
    "total": 824.6571112000092,
    "count": 1,
    "self": 0.01455760000681039,
    "children": {
        "run_training.setup": {
            "total": 0.23168230000010226,
            "count": 1,
            "self": 0.23168230000010226
        },
        "TrainerController.start_learning": {
            "total": 824.4108713000023,
            "count": 1,
            "self": 0.3021176003385335,
            "children": {
                "TrainerController._reset_env": {
                    "total": 14.102984099998139,
                    "count": 1,
                    "self": 14.102984099998139
                },
                "TrainerController.advance": {
                    "total": 809.9167132996517,
                    "count": 10966,
                    "self": 0.2733005000191042,
                    "children": {
                        "env_step": {
                            "total": 653.7515483994503,
                            "count": 10966,
                            "self": 598.7177934993088,
                            "children": {
                                "SubprocessEnvManager._take_step": {
                                    "total": 54.8747985001246,
                                    "count": 10966,
                                    "self": 1.025738000345882,
                                    "children": {
                                        "TorchPolicy.evaluate": {
                                            "total": 53.849060499778716,
                                            "count": 10034,
                                            "self": 53.849060499778716
                                        }
                                    }
                                },
                                "workers": {
                                    "total": 0.1589564000169048,
                                    "count": 10966,
                                    "self": 0.0,
                                    "children": {
                                        "worker_root": {
                                            "total": 812.9903766006901,
                                            "count": 10966,
                                            "is_parallel": true,
                                            "self": 243.87349580100272,