{"count":1,"self":281.118592,"total":305.4755274,"children":{"InitializeActuators":{"count":2,"self":0.010752099999999999,"total":0.010752099999999999,"children":null},"InitializeSensors":{"count":2,"self":0.0026999999999999997,"total":0.0026999999999999997,"children":null},"AgentSendState":{"count":14809,"self":0.53648489999999993,"total":1.7150797999999998,"children":{"CollectObservations":{"count":5924,"self":1.0037042999999999,"total":1.0037042999999999,"children":null},"WriteActionMask":{"count":5924,"self":0.0504328,"total":0.0504328,"children":null},"RequestDecision":{"count":5924,"self":0.1244578,"total":0.1244578,"children":null}}},"DecideAction":{"count":14809,"self":15.367735999999999,"total":15.3677367,"children":null},"AgentAct":{"count":14809,"self":7.2596479999999994,"total":7.2596478,"children":null}},"gauges":{"HiderV5.CumulativeReward":{"count":22,"max":0.599995852,"min":-4000.05078,"runningAverage":-1045.49329,"value":-4000.05078,"weightedAverage":-1737.14514},"A_03.CumulativeReward":{"count":22,"max":4010.8125,"min":22.17612,"runningAverage":1051.75037,"value":4010.8125,"weightedAverage":1741.21045}},"metadata":{"timer_format_version":"0.1.0","start_time_seconds":"1763720617","unity_version":"6000.0.42f1","command_line_arguments":"C:\\Program Files\\Unity\\Hub\\Editor\\6000.0.42f1\\Editor\\Unity.exe -projectpath C:\\Users\\Boris\\Documents\\NewGamesOld\\ML-agent_Test -acceptSoftwareTermsForThisRunOnly -useHub -hubIPC -cloudEnvironment production","communication_protocol_version":"1.5.0","com.unity.ml-agents_version":"3.0.0","scene_name":"Hider","end_time_seconds":"1763720922"}}