{"count":1,"self":189.7547648,"total":976.31415559999994,"children":{"InitializeActuators":{"count":50,"self":0.0030180999999999997,"total":0.0030180999999999997,"children":null},"InitializeSensors":{"count":50,"self":0.0025323,"total":0.0025323,"children":null},"AgentSendState":{"count":60101,"self":6.3466344,"total":137.3375759,"children":{"CollectObservations":{"count":601050,"self":4.619604,"total":4.6196041,"children":null},"WriteActionMask":{"count":601050,"self":1.4243616,"total":1.4243616,"children":null},"RequestDecision":{"count":601050,"self":5.616776,"total":124.94697599999999,"children":{"AgentInfo.ToProto":{"count":589029,"self":5.7247119999999994,"total":119.3302002,"children":{"GenerateSensorData":{"count":589029,"self":113.60549119999999,"total":113.60548829999999,"children":null}}}}}}},"DecideAction":{"count":60101,"self":332.86115839999997,"total":332.8611484,"children":null},"AgentAct":{"count":60101,"self":315.2890624,"total":316.17533829999996,"children":{"AgentInfo.ToProto":{"count":3028,"self":0.0672398,"total":0.8862711,"children":{"GenerateSensorData":{"count":3028,"self":0.8190313,"total":0.8190313,"children":null}}}}},"AgentInfo.ToProto":{"count":590,"self":0.013482599999999999,"total":0.1797749,"children":{"GenerateSensorData":{"count":590,"self":0.1662923,"total":0.1662923,"children":null}}}},"gauges":{"MoveToGoalWallsV4.CumulativeReward":{"count":3622,"max":2099.02832,"min":-1012.41229,"runningAverage":966.302551,"value":1000.37909,"weightedAverage":994.118835}},"metadata":{"timer_format_version":"0.1.0","start_time_seconds":"1747821794","unity_version":"6000.0.42f1","command_line_arguments":"C:\\Program Files\\Unity\\Hub\\Editor\\6000.0.42f1\\Editor\\Unity.exe -projectpath C:\\Users\\Boris\\Documents\\NewGamesOld\\ML-agent_Test -useHub -hubIPC -cloudEnvironment production","communication_protocol_version":"1.5.0","com.unity.ml-agents_version":"3.0.0","scene_name":"TestWalls","end_time_seconds":"1747822770"}}