{
    "name": "root",
    "gauges": {
        "Hider2V2.Policy.Entropy.mean": {
            "value": 2.927908182144165,
            "min": 2.8462846279144287,
            "max": 2.927908182144165,
            "count": 8
        },
        "Hider2V2.Policy.Entropy.sum": {
            "value": 69098.6328125,
            "min": 61633.203125,
            "max": 87579.65625,
            "count": 8
        },
        "Hider2V2.Environment.EpisodeLength.mean": {
            "value": 130.02643171806167,
            "min": 64.14285714285714,
            "max": 130.02643171806167,
            "count": 8
        },
        "Hider2V2.Environment.EpisodeLength.sum": {
            "value": 29516.0,
            "min": 15070.0,
            "max": 29748.0,
            "count": 8
        },
        "Hider2V2.Step.mean": {
            "value": 599853.0,
            "min": 424966.0,
            "max": 599853.0,
            "count": 8
        },
        "Hider2V2.Step.sum": {
            "value": 599853.0,
            "min": 424966.0,
            "max": 599853.0,
            "count": 8
        },
        "Hider2V2.Policy.ExtrinsicValueEstimate.mean": {
            "value": -5.230100631713867,
            "min": -5.329887866973877,
            "max": -5.069852352142334,
            "count": 8
        },
        "Hider2V2.Policy.ExtrinsicValueEstimate.sum": {
            "value": -1589.9505615234375,
            "min": -1982.413818359375,
            "max": -1369.7811279296875,
            "count": 8
        },
        "Hider2V2.Environment.CumulativeReward.mean": {
            "value": -10.87271162342395,
            "min": -10.87271162342395,
            "max": -8.015227208618356,
            "count": 8
        },
        "Hider2V2.Environment.CumulativeReward.sum": {
            "value": -2468.1055385172367,
            "min": -2929.4989578165114,
            "max": -1599.876138806343,
            "count": 8
        },
        "Hider2V2.Policy.ExtrinsicReward.mean": {
            "value": -10.87271162342395,
            "min": -10.87271162342395,
            "max": -8.015227208618356,
            "count": 8
        },
        "Hider2V2.Policy.ExtrinsicReward.sum": {
            "value": -2468.1055385172367,
            "min": -2929.4989578165114,
            "max": -1599.876138806343,
            "count": 8
        },
        "Hider2V2.Losses.PolicyLoss.mean": {
            "value": 0.613080844551488,
            "min": 0.5910001100138137,
            "max": 0.6696098060859255,
            "count": 8
        },
        "Hider2V2.Losses.PolicyLoss.sum": {
            "value": 1.8392425336544642,
            "min": 1.1820002200276274,
            "max": 2.5063506075355013,
            "count": 8
        },
        "Hider2V2.Losses.ValueLoss.mean": {
            "value": 0.2993877365507716,
            "min": 0.25962251185709195,
            "max": 0.3535238507469722,
            "count": 8
        },
        "Hider2V2.Losses.ValueLoss.sum": {
            "value": 0.8981632096523149,
            "min": 0.5192450237141839,
            "max": 1.2522842986664782,
            "count": 8
        },
        "Hider2V2.Policy.LearningRate.mean": {
            "value": 0.00018523554904889582,
            "min": 0.00018523554904889582,
            "max": 0.00018964525517737503,
            "count": 8
        },
        "Hider2V2.Policy.LearningRate.sum": {
            "value": 0.0005557066471466875,
            "min": 0.000373299263350375,
            "max": 0.000751148874425575,
            "count": 8
        },
        "Hider2V2.Policy.Epsilon.mean": {
            "value": 0.1926177708333333,
            "min": 0.1926177708333333,
            "max": 0.194822625,
            "count": 8
        },
        "Hider2V2.Policy.Epsilon.sum": {
            "value": 0.5778533124999999,
            "min": 0.386649625,
            "max": 0.775574425,
            "count": 8
        },
        "Hider2V2.Policy.Beta.mean": {
            "value": 0.0027792713479166662,
            "min": 0.0027792713479166662,
            "max": 0.0028451964875,
            "count": 8
        },
        "Hider2V2.Policy.Beta.sum": {
            "value": 0.008337814043749999,
            "min": 0.0056008237875000005,
            "max": 0.0112696753075,
            "count": 8
        },
        "Hider2V2.IsTraining.mean": {
            "value": 1.0,
            "min": 1.0,
            "max": 1.0,
            "count": 8
        },
        "Hider2V2.IsTraining.sum": {
            "value": 1.0,
            "min": 1.0,
            "max": 1.0,
            "count": 8
        },
        "Seeker2V1.Policy.Entropy.mean": {
            "value": 2.5800082683563232,
            "min": 2.5800082683563232,
            "max": 2.7321455478668213,
            "count": 4
        },
        "Seeker2V1.Policy.Entropy.sum": {
            "value": 127839.40625,
            "min": 118575.1171875,
            "max": 131494.0625,
            "count": 4
        },
        "Seeker2V1.Environment.EpisodeLength.mean": {
            "value": 93.33461538461539,
            "min": 90.40371229698376,
            "max": 110.21444695259594,
            "count": 4
        },
        "Seeker2V1.Environment.EpisodeLength.sum": {
            "value": 48534.0,
            "min": 38964.0,
            "max": 50081.0,
            "count": 4
        },
        "Seeker2V1.Step.mean": {
            "value": 599942.0,
            "min": 449913.0,
            "max": 599942.0,
            "count": 4
        },
        "Seeker2V1.Step.sum": {
            "value": 599942.0,
            "min": 449913.0,
            "max": 599942.0,
            "count": 4
        },
        "Seeker2V1.Policy.ExtrinsicValueEstimate.mean": {
            "value": 500.9204406738281,
            "min": 489.2631530761719,
            "max": 520.2529907226562,
            "count": 4
        },
        "Seeker2V1.Policy.ExtrinsicValueEstimate.sum": {
            "value": 376191.25,
            "min": 316378.9375,
            "max": 376191.25,
            "count": 4
        },
        "Seeker2V1.Environment.CumulativeReward.mean": {
            "value": 965.0267323828231,
            "min": 951.5805360799234,
            "max": 973.4590845162959,
            "count": 4
        },
        "Seeker2V1.Environment.CumulativeReward.sum": {
            "value": 501813.900839068,
            "min": 418587.4063420072,
            "max": 501813.900839068,
            "count": 4
        },
        "Seeker2V1.Policy.ExtrinsicReward.mean": {
            "value": 965.0267323828231,
            "min": 951.5805360799234,
            "max": 973.4590845162959,
            "count": 4
        },
        "Seeker2V1.Policy.ExtrinsicReward.sum": {
            "value": 501813.900839068,
            "min": 418587.4063420072,
            "max": 501813.900839068,
            "count": 4
        },
        "Seeker2V1.Losses.PolicyLoss.mean": {
            "value": 0.06883539095006903,
            "min": 0.06883539095006903,
            "max": 0.0725264062446035,
            "count": 4
        },
        "Seeker2V1.Losses.PolicyLoss.sum": {
            "value": 0.8260246914008283,
            "min": 0.7016818140356477,
            "max": 0.8703168749352421,
            "count": 4
        },
        "Seeker2V1.Losses.ValueLoss.mean": {
            "value": 39171.05939478505,
            "min": 34355.02662065294,
            "max": 39171.05939478505,
            "count": 4
        },
        "Seeker2V1.Losses.ValueLoss.sum": {
            "value": 470052.71273742063,
            "min": 365058.3220439872,
            "max": 470052.71273742063,
            "count": 4
        },
        "Seeker2V1.Policy.LearningRate.mean": {
            "value": 0.00026540883653039163,
            "min": 0.00026540883653039163,
            "max": 0.00027413775262075205,
            "count": 4
        },
        "Seeker2V1.Policy.LearningRate.sum": {
            "value": 0.0031849060383647,
            "min": 0.0027413775262075204,