{
    "name": "root",
    "gauges": {
        "HiderV3.Policy.Entropy.mean": {
            "value": 3.00266432762146,
            "min": 3.0005059242248535,
            "max": 3.029571771621704,
            "count": 14
        },
        "HiderV3.Policy.Entropy.sum": {
            "value": 148902.125,
            "min": 148383.671875,
            "max": 156220.625,
            "count": 14
        },
        "HiderV3.Environment.EpisodeLength.mean": {
            "value": 458.7358490566038,
            "min": 458.7358490566038,
            "max": 536.7938144329897,
            "count": 14
        },
        "HiderV3.Environment.EpisodeLength.sum": {
            "value": 48626.0,
            "min": 36774.0,
            "max": 52471.0,
            "count": 14
        },
        "HiderV3.Step.mean": {
            "value": 699980.0,
            "min": 49974.0,
            "max": 699980.0,
            "count": 14
        },
        "HiderV3.Step.sum": {
            "value": 699980.0,
            "min": 49974.0,
            "max": 699980.0,
            "count": 14
        },
        "HiderV3.Policy.ExtrinsicValueEstimate.mean": {
            "value": -0.0005270112887956202,
            "min": -0.0005270112887956202,
            "max": 0.23094014823436737,
            "count": 14
        },
        "HiderV3.Policy.ExtrinsicValueEstimate.sum": {
            "value": -0.44743257761001587,
            "min": -0.44743257761001587,
            "max": 196.0681915283203,
            "count": 14
        },
        "HiderV3.Environment.CumulativeReward.mean": {
            "value": 0.0004716980850921487,
            "min": -0.0004999999888241291,
            "max": 0.0004716980850921487,
            "count": 14
        },
        "HiderV3.Environment.CumulativeReward.sum": {
            "value": 0.04999999701976776,
            "min": -0.03999999910593033,
            "max": 0.04999999701976776,
            "count": 14
        },
        "HiderV3.Policy.ExtrinsicReward.mean": {
            "value": 0.0004716980850921487,
            "min": -0.0004999999888241291,
            "max": 0.0004716980850921487,
            "count": 14
        },
        "HiderV3.Policy.ExtrinsicReward.sum": {
            "value": 0.04999999701976776,
            "min": -0.03999999910593033,
            "max": 0.04999999701976776,
            "count": 14
        },
        "HiderV3.Losses.PolicyLoss.mean": {
            "value": 0.02348138343698035,
            "min": 0.020841656881384552,
            "max": 0.02650196796593567,
            "count": 14
        },
        "HiderV3.Losses.PolicyLoss.sum": {
            "value": 0.11740691718490175,
            "min": 0.0925916047145923,
            "max": 0.13250983982967834,
            "count": 14
        },
        "HiderV3.Losses.ValueLoss.mean": {
            "value": 2.3794013274406705e-06,
            "min": 2.0998329216581625e-06,
            "max": 0.0004012538070674055,
            "count": 14
        },
        "HiderV3.Losses.ValueLoss.sum": {
            "value": 1.1897006637203353e-05,
            "min": 1.0499164608290813e-05,
            "max": 0.0020062690353370273,
            "count": 14
        },
        "HiderV3.Policy.LearningRate.mean": {
            "value": 0.00025953279748907194,
            "min": 0.00025953279748907194,
            "max": 0.00029832976555674496,
            "count": 14
        },
        "HiderV3.Policy.LearningRate.sum": {
            "value": 0.0012976639874453598,
            "min": 0.00107394250201918,
            "max": 0.0014770167676610797,
            "count": 14
        },
        "HiderV3.Policy.Epsilon.mean": {
            "value": 0.18651092800000005,
            "min": 0.18651092800000005,
            "max": 0.19944325499999999,
            "count": 14
        },
        "HiderV3.Policy.Epsilon.sum": {
            "value": 0.9325546400000002,
            "min": 0.7579808200000001,
            "max": 0.9923389200000002,
            "count": 14
        },
        "HiderV3.Policy.Beta.mean": {
            "value": 0.0043268953072000006,
            "min": 0.0043268953072000006,
            "max": 0.0049722184245,
            "count": 14
        },
        "HiderV3.Policy.Beta.sum": {
            "value": 0.021634476536000005,
            "min": 0.017903242917999995,
            "max": 0.024617712108,
            "count": 14
        },
        "HiderV3.IsTraining.mean": {
            "value": 1.0,
            "min": 1.0,
            "max": 1.0,
            "count": 14
        },
        "HiderV3.IsTraining.sum": {
            "value": 1.0,
            "min": 1.0,
            "max": 1.0,
            "count": 14
        },
        "SeekerV3.Policy.Entropy.mean": {
            "value": 3.0279080867767334,
            "min": 3.0037364959716797,
            "max": 3.0417542457580566,
            "count": 14
        },
        "SeekerV3.Policy.Entropy.sum": {
            "value": 150680.8125,
            "min": 148527.359375,
            "max": 156002.125,
            "count": 14
        },
        "SeekerV3.Environment.EpisodeLength.mean": {
            "value": 421.76521739130436,
            "min": 421.76521739130436,
            "max": 487.68367346938777,
            "count": 14
        },
        "SeekerV3.Environment.EpisodeLength.sum": {
            "value": 48503.0,
            "min": 37164.0,
            "max": 53065.0,
            "count": 14
        },
        "SeekerV3.Step.mean": {
            "value": 699974.0,
            "min": 49985.0,
            "max": 699974.0,
            "count": 14
        },
        "SeekerV3.Step.sum": {
            "value": 699974.0,
            "min": 49985.0,
            "max": 699974.0,
            "count": 14
        },
        "SeekerV3.Policy.ExtrinsicValueEstimate.mean": {
            "value": 40.552459716796875,
            "min": 2.7714366912841797,
            "max": 85.9602279663086,
            "count": 14
        },
        "SeekerV3.Policy.ExtrinsicValueEstimate.sum": {
            "value": 34712.90625,
            "min": 2325.2353515625,
            "max": 72980.234375,
            "count": 14
        },
        "SeekerV3.Environment.CumulativeReward.mean": {
            "value": 285.1052272368528,
            "min": 171.32623932348903,
            "max": 292.7454527073061,
            "count": 14
        },
        "SeekerV3.Environment.CumulativeReward.sum": {
            "value": 33072.20635947492,
            "min": 18517.708142986987,
            "max": 33072.20635947492,
            "count": 14
        },
        "SeekerV3.Policy.ExtrinsicReward.mean": {
            "value": 285.1052272368528,
            "min": 171.32623932348903,
            "max": 292.7454527073061,
            "count": 14
        },
        "SeekerV3.Policy.ExtrinsicReward.sum": {
            "value": 33072.20635947492,
            "min": 18517.708142986987,
            "max": 33072.20635947492,
            "count": 14
        },
        "SeekerV3.Losses.PolicyLoss.mean": {
            "value": 0.02131396785378456,
            "min": 0.02131396785378456,
            "max": 0.028060270814845956,
            "count": 14
        },
        "SeekerV3.Losses.PolicyLoss.sum": {
            "value": 0.1065698392689228,
            "min": 0.09530063892404238,
            "max": 0.14030135407422978,
            "count": 14
        },
        "SeekerV3.Losses.ValueLoss.mean": {
            "value": 1884.1555162556965,
            "min": 1259.1611176554363,
            "max": 3327.5156414794924,
            "count": 14
        },
        "SeekerV3.Losses.ValueLoss.sum": {
            "value": 9420.777581278482,
            "min": 5212.563574727376,
            "max": 16637.578207397462,
            "count": 14
        },
        "SeekerV3.Policy.LearningRate.mean": {
            "value": 0.00025964614945128803,
            "min": 0.00025964614945128803,
            "max": 0.00029832775555741495,
            "count": 14
        },