{
    "name": "root",
    "gauges": {
        "SeekerV3.Policy.Entropy.mean": {
            "value": 3.0274341106414795,
            "min": 3.016688823699951,
            "max": 3.0395185947418213,
            "count": 18
        },
        "SeekerV3.Policy.Entropy.sum": {
            "value": 151359.59375,
            "min": 150619.09375,
            "max": 154839.1875,
            "count": 18
        },
        "SeekerV3.Environment.EpisodeLength.mean": {
            "value": 191.93258426966293,
            "min": 191.93258426966293,
            "max": 469.60185185185185,
            "count": 18
        },
        "SeekerV3.Environment.EpisodeLength.sum": {
            "value": 51246.0,
            "min": 41208.0,
            "max": 51390.0,
            "count": 18
        },
        "SeekerV3.Step.mean": {
            "value": 899947.0,
            "min": 49961.0,
            "max": 899947.0,
            "count": 18
        },
        "SeekerV3.Step.sum": {
            "value": 899947.0,
            "min": 49961.0,
            "max": 899947.0,
            "count": 18
        },
        "SeekerV3.Policy.ExtrinsicValueEstimate.mean": {
            "value": 203.6813507080078,
            "min": 12.38415241241455,
            "max": 213.84814453125,
            "count": 18
        },
        "SeekerV3.Policy.ExtrinsicValueEstimate.sum": {
            "value": 189831.015625,
            "min": 10514.1455078125,
            "max": 195884.90625,
            "count": 18
        },
        "SeekerV3.Environment.CumulativeReward.mean": {
            "value": 558.9704701632927,
            "min": 219.24162330205536,
            "max": 558.9704701632927,
            "count": 18
        },
        "SeekerV3.Environment.CumulativeReward.sum": {
            "value": 149245.11553359916,
            "min": 24335.820186528144,
            "max": 149245.11553359916,
            "count": 18
        },
        "SeekerV3.Policy.ExtrinsicReward.mean": {
            "value": 558.9704701632927,
            "min": 219.24162330205536,
            "max": 558.9704701632927,
            "count": 18
        },
        "SeekerV3.Policy.ExtrinsicReward.sum": {
            "value": 149245.11553359916,
            "min": 24335.820186528144,
            "max": 149245.11553359916,
            "count": 18
        },
        "SeekerV3.Losses.PolicyLoss.mean": {
            "value": 0.02179729850652317,
            "min": 0.02120078982630124,
            "max": 0.026734501930574577,
            "count": 18
        },
        "SeekerV3.Losses.PolicyLoss.sum": {
            "value": 0.10898649253261586,
            "min": 0.09596408306000133,
            "max": 0.13103856891393661,
            "count": 18
        },
        "SeekerV3.Losses.ValueLoss.mean": {
            "value": 8034.946731770835,
            "min": 2055.9641514078776,
            "max": 8034.946731770835,
            "count": 18
        },
        "SeekerV3.Losses.ValueLoss.sum": {
            "value": 40174.73365885417,
            "min": 10279.820757039388,
            "max": 40174.73365885417,
            "count": 18
        },
        "SeekerV3.Policy.LearningRate.mean": {
            "value": 0.000247467521510832,
            "min": 0.000247467521510832,
            "max": 0.00029841981052673,
            "count": 18
        },
        "SeekerV3.Policy.LearningRate.sum": {
            "value": 0.00123733760755416,
            "min": 0.0010380309539896999,
            "max": 0.0014780987473004196,
            "count": 18
        },
        "SeekerV3.Policy.Epsilon.mean": {
            "value": 0.18248916799999998,
            "min": 0.18248916799999998,
            "max": 0.19947326999999998,
            "count": 18
        },
        "SeekerV3.Policy.Epsilon.sum": {
            "value": 0.91244584,
            "min": 0.7460103,
            "max": 0.99269958,
            "count": 18
        },
        "SeekerV3.Policy.Beta.mean": {
            "value": 0.0041262094832000005,
            "min": 0.0041262094832000005,
            "max": 0.004973716173,
            "count": 18
        },
        "SeekerV3.Policy.Beta.sum": {
            "value": 0.020631047416,
            "min": 0.017305913969999996,
            "max": 0.024635709042000003,
            "count": 18
        },
        "SeekerV3.IsTraining.mean": {
            "value": 1.0,
            "min": 1.0,
            "max": 1.0,
            "count": 18
        },
        "SeekerV3.IsTraining.sum": {
            "value": 1.0,
            "min": 1.0,
            "max": 1.0,
            "count": 18
        },
        "HiderV3.Policy.Entropy.mean": {
            "value": 3.081334114074707,
            "min": 3.031519651412964,
            "max": 3.087120771408081,
            "count": 18
        },
        "HiderV3.Policy.Entropy.sum": {
            "value": 154054.375,
            "min": 151602.84375,
            "max": 155256.25,
            "count": 18
        },
        "HiderV3.Environment.EpisodeLength.mean": {
            "value": 298.43859649122805,
            "min": 298.43859649122805,
            "max": 517.9117647058823,
            "count": 18
        },
        "HiderV3.Environment.EpisodeLength.sum": {
            "value": 51033.0,
            "min": 38485.0,
            "max": 52827.0,
            "count": 18
        },
        "HiderV3.Step.mean": {
            "value": 899996.0,
            "min": 49987.0,
            "max": 899996.0,
            "count": 18
        },
        "HiderV3.Step.sum": {
            "value": 899996.0,
            "min": 49987.0,
            "max": 899996.0,
            "count": 18
        },
        "HiderV3.Policy.ExtrinsicValueEstimate.mean": {
            "value": -0.02991344965994358,
            "min": -0.035547707229852676,
            "max": 0.04088872671127319,
            "count": 18
        },
        "HiderV3.Policy.ExtrinsicValueEstimate.sum": {
            "value": -26.652883529663086,
            "min": -31.601911544799805,
            "max": 34.26475143432617,
            "count": 18
        },
        "HiderV3.Environment.CumulativeReward.mean": {
            "value": -0.0907309986868797,
            "min": -0.3769117593765259,
            "max": -0.08903571667947939,
            "count": 18
        },
        "HiderV3.Environment.CumulativeReward.sum": {
            "value": -15.515000775456429,
            "min": -38.44499945640564,
            "max": -11.325000474229455,
            "count": 18
        },
        "HiderV3.Policy.ExtrinsicReward.mean": {
            "value": -0.0907309986868797,
            "min": -0.3769117593765259,
            "max": -0.08903571667947939,
            "count": 18
        },
        "HiderV3.Policy.ExtrinsicReward.sum": {
            "value": -15.515000775456429,
            "min": -38.44499945640564,
            "max": -11.325000474229455,
            "count": 18
        },
        "HiderV3.Losses.PolicyLoss.mean": {
            "value": 0.024189703843245904,
            "min": 0.021307771670399232,
            "max": 0.026219708579592403,
            "count": 18
        },
        "HiderV3.Losses.PolicyLoss.sum": {
            "value": 0.12094851921622952,
            "min": 0.08523108668159693,
            "max": 0.13109854289796202,
            "count": 18
        },
        "HiderV3.Losses.ValueLoss.mean": {
            "value": 0.0008706468174932525,
            "min": 0.000495396737048092,
            "max": 0.005795973632484674,
            "count": 18
        },
        "HiderV3.Losses.ValueLoss.sum": {
            "value": 0.004353234087466263,
            "min": 0.0024769836852404597,
            "max": 0.023183894529938697,
            "count": 18
        },
        "HiderV3.Policy.LearningRate.mean": {
            "value": 0.00024742843752386,
            "min": 0.00024742843752386,
            "max": 0.00029841411052862997,
            "count": 18
        },
        "HiderV3.Policy.LearningRate.sum": {
            "value": 0.0012371421876192998,