{
    "name": "root",
    "gauges": {
        "SeekerV5.Policy.Entropy.mean": {
            "value": 1.9219141006469727,
            "min": 1.9219141006469727,
            "max": 3.0046377182006836,
            "count": 13
        },
        "SeekerV5.Policy.Entropy.sum": {
            "value": 95530.6640625,
            "min": 95530.6640625,
            "max": 154750.859375,
            "count": 13
        },
        "SeekerV5.Environment.EpisodeLength.mean": {
            "value": 272.0748663101604,
            "min": 246.3755868544601,
            "max": 379.78,
            "count": 13
        },
        "SeekerV5.Environment.EpisodeLength.sum": {
            "value": 50878.0,
            "min": 37978.0,
            "max": 53177.0,
            "count": 13
        },
        "SeekerV5.Step.mean": {
            "value": 649975.0,
            "min": 49982.0,
            "max": 649975.0,
            "count": 13
        },
        "SeekerV5.Step.sum": {
            "value": 649975.0,
            "min": 49982.0,
            "max": 649975.0,
            "count": 13
        },
        "SeekerV5.Policy.ExtrinsicValueEstimate.mean": {
            "value": 177.8066864013672,
            "min": 55.54863357543945,
            "max": 228.6035614013672,
            "count": 13
        },
        "SeekerV5.Policy.ExtrinsicValueEstimate.sum": {
            "value": 157536.71875,
            "min": 46549.75390625,
            "max": 206200.40625,
            "count": 13
        },
        "SeekerV5.Environment.CumulativeReward.mean": {
            "value": 687.4171813361205,
            "min": 558.1730597671681,
            "max": 768.8233737415588,
            "count": 13
        },
        "SeekerV5.Environment.CumulativeReward.sum": {
            "value": 128547.01290985453,
            "min": 55817.3059767168,
            "max": 163759.37860695203,
            "count": 13
        },
        "SeekerV5.Policy.ExtrinsicReward.mean": {
            "value": 687.4171813361205,
            "min": 558.1730597671681,
            "max": 768.8233737415588,
            "count": 13
        },
        "SeekerV5.Policy.ExtrinsicReward.sum": {
            "value": 128547.01290985453,
            "min": 55817.3059767168,
            "max": 163759.37860695203,
            "count": 13
        },
        "SeekerV5.Losses.PolicyLoss.mean": {
            "value": 0.06991391240254692,
            "min": 0.06559333079113103,
            "max": 0.07083349474508256,
            "count": 13
        },
        "SeekerV5.Losses.PolicyLoss.sum": {
            "value": 1.608019985258579,
            "min": 1.4897370591014347,
            "max": 1.6756950835503328,
            "count": 13
        },
        "SeekerV5.Losses.ValueLoss.mean": {
            "value": 25716.252302418583,
            "min": 14166.354122337194,
            "max": 25716.252302418583,
            "count": 13
        },
        "SeekerV5.Losses.ValueLoss.sum": {
            "value": 591473.8029556274,
            "min": 311659.7906914183,
            "max": 606164.1009022748,
            "count": 13
        },
        "SeekerV5.Policy.LearningRate.mean": {
            "value": 0.00026249328989354513,
            "min": 0.00026249328989354513,
            "max": 0.00029839197871782544,
            "count": 13
        },
        "SeekerV5.Policy.LearningRate.sum": {
            "value": 0.006037345667551538,
            "min": 0.006037345667551538,
            "max": 0.00680373925208696,
            "count": 13
        },
        "SeekerV5.Policy.Epsilon.mean": {
            "value": 0.18749775913043476,
            "min": 0.18749775913043476,
            "max": 0.1994639927272728,
            "count": 13
        },
        "SeekerV5.Policy.Epsilon.sum": {
            "value": 4.31244846,
            "min": 4.31244846,
            "max": 4.66791304,
            "count": 13
        },
        "SeekerV5.Policy.Beta.mean": {
            "value": 0.0005000000000000001,
            "min": 0.0005,
            "max": 0.0005000000000000001,
            "count": 13
        },
        "SeekerV5.Policy.Beta.sum": {
            "value": 0.011500000000000003,
            "min": 0.011000000000000003,
            "max": 0.012,
            "count": 13
        },
        "SeekerV5.IsTraining.mean": {
            "value": 1.0,
            "min": 1.0,
            "max": 1.0,
            "count": 13
        },
        "SeekerV5.IsTraining.sum": {
            "value": 1.0,
            "min": 1.0,
            "max": 1.0,
            "count": 13
        },
        "HiderV5.Policy.Entropy.mean": {
            "value": 3.096191644668579,
            "min": 3.0299904346466064,
            "max": 3.096191644668579,
            "count": 13
        },
        "HiderV5.Policy.Entropy.sum": {
            "value": 155874.671875,
            "min": 147765.0,
            "max": 157980.609375,
            "count": 13
        },
        "HiderV5.Environment.EpisodeLength.mean": {
            "value": 253.38048780487804,
            "min": 224.3248407643312,
            "max": 341.92233009708735,
            "count": 13
        },
        "HiderV5.Environment.EpisodeLength.sum": {
            "value": 51943.0,
            "min": 35218.0,
            "max": 52070.0,
            "count": 13
        },
        "HiderV5.Step.mean": {
            "value": 649956.0,
            "min": 49977.0,
            "max": 649956.0,
            "count": 13
        },
        "HiderV5.Step.sum": {
            "value": 649956.0,
            "min": 49977.0,
            "max": 649956.0,
            "count": 13
        },
        "HiderV5.Policy.ExtrinsicValueEstimate.mean": {
            "value": -116.37201690673828,
            "min": -116.37201690673828,
            "max": -0.7528313398361206,
            "count": 13
        },
        "HiderV5.Policy.ExtrinsicValueEstimate.sum": {
            "value": -108109.6015625,
            "min": -108109.6015625,
            "max": -638.4010009765625,
            "count": 13
        },
        "HiderV5.Environment.CumulativeReward.mean": {
            "value": -565.9919205302917,
            "min": -613.96133270509,
            "max": -454.5987765519553,
            "count": 13
        },
        "HiderV5.Environment.CumulativeReward.sum": {
            "value": -116028.34370870981,
            "min": -135071.49319511978,
            "max": -48009.03818720579,
            "count": 13
        },
        "HiderV5.Policy.ExtrinsicReward.mean": {
            "value": -565.9919205302917,
            "min": -613.96133270509,
            "max": -454.5987765519553,
            "count": 13
        },
        "HiderV5.Policy.ExtrinsicReward.sum": {
            "value": -116028.34370870981,
            "min": -135071.49319511978,
            "max": -48009.03818720579,
            "count": 13
        },
        "HiderV5.Losses.PolicyLoss.mean": {
            "value": 0.022281873689287086,
            "min": 0.020582801669440938,
            "max": 0.025873717933356986,
            "count": 13
        },
        "HiderV5.Losses.PolicyLoss.sum": {
            "value": 0.11140936844643544,
            "min": 0.08233120667776375,
            "max": 0.12936858966678494,
            "count": 13
        },
        "HiderV5.Losses.ValueLoss.mean": {
            "value": 7749.832797111742,
            "min": 5586.079711497914,
            "max": 9653.499580522017,
            "count": 13
        },
        "HiderV5.Losses.ValueLoss.sum": {
            "value": 38749.16398555871,
            "min": 22344.318845991656,
            "max": 41546.41944765033,
            "count": 13
        },
        "HiderV5.Policy.LearningRate.mean": {
            "value": 0.000262441896519372,
            "min": 0.000262441896519372,
            "max": 0.00029828913057029,
            "count": 13
        },
        "HiderV5.Policy.LearningRate.sum": {
            "value": 0.00131220948259686,
            "min": 0.0010623196058934799,